"","logFC","PValue","FDR"
"ANXA2",-0.431338539006909,1.21759174836743e-06,0.00376216509756365
"TUBA4A",-0.494031680556503,1.3322765751213e-06,0.00376216509756365
"POLD2",-0.463246136944021,1.44079939807458e-06,0.00376216509756365
"CAV1",-0.497415417882651,1.90138374335743e-06,0.00431783121630434
"PSMB6",-0.414532033695175,2.48487851283864e-06,0.00507859470453961
"TUBA1B",-0.457431077606431,5.25815988088117e-06,0.00688032150098978
"PSAP",-0.366253502477445,7.64545651569258e-06,0.00777695439661651
"EMP3",-0.389640640616914,9.42462004727582e-06,0.00777695439661651
"PHB1",-0.415094532668732,1.05683887932192e-05,0.00830756654445442
"ESPL1",-0.533989200067079,1.39304292663515e-05,0.00902945303434867
"TMBIM6",-0.359880881790595,1.4911301561669e-05,0.00902945303434867
"TUBB4B",-0.358392408404839,1.50211078954817e-05,0.00902945303434867
"AK2",-0.346622428622571,1.85608732734871e-05,0.00932683235159572
"USP5",-0.3700941877229,1.87102518062151e-05,0.00932683235159572
"EIF6",-0.341809410682613,2.14482468764205e-05,0.0095427829918026
"G6PC3",-0.332198226467187,2.14593987703524e-05,0.0095427829918026
"ECH1",-0.329819211756628,2.17241906917042e-05,0.0095427829918026
"MPDU1",-0.336485214990324,2.36668633175335e-05,0.00958234048147903
"DPP3",-0.392716796937873,2.58142558519224e-05,0.00958234048147903
"MRPL24",-0.377028866383462,2.66040374454166e-05,0.00958234048147903
"PGK1",-0.359276614639836,2.68384343687733e-05,0.00958234048147903
"ENO1",-0.290739898253621,2.75040918630436e-05,0.00958234048147903
"AXL",-0.366364386955928,2.84542046409631e-05,0.00958234048147903
"SLC7A5",-0.321950328465382,3.13113194179807e-05,0.00958234048147903
"SDSL",-0.481178702890265,3.28480013346536e-05,0.00958234048147903
"CKS1B",-0.409616750733812,3.30751220345509e-05,0.00958234048147903
"CDCA3",-0.909842118195654,3.56193555466178e-05,0.00958234048147903
"PIMREG",-0.79820680064782,3.610139040385e-05,0.00958234048147903
"TMEM141",-0.612064442067041,3.7873672293505e-05,0.00972169503844774
"CLIC1",-0.343940881982829,3.9480413357039e-05,0.00972169503844774
"BCAP31",-0.323952332837285,4.06330412375668e-05,0.00988640591444513
"OCIAD2",-0.335753060557995,4.53928077900318e-05,0.010194925336403
"CAPNS1",-0.28812349727429,4.98330362953134e-05,0.0105171049778817
"PFAS",-0.370799139082779,5.05591921971584e-05,0.0105171049778817
"ATP5MC1",-0.441782656767509,5.09677717548406e-05,0.0105171049778817
"BSG",-0.36261314773029,5.13526278721348e-05,0.0105171049778817
"PTPA",-0.292590745222388,5.24108167441196e-05,0.0105171049778817
"S100A11",-0.287362927702379,5.3949435321334e-05,0.0105684070718361
"PRMT1",-0.293030525940751,5.67649780422977e-05,0.0106231124199866
"NRSN2",-0.312424637709636,5.84389030335239e-05,0.0106383919617947
"AP2M1",-0.381949330505112,6.14639188126121e-05,0.0108293066611394
"SPAG5",-0.534456157230399,6.5766047429017e-05,0.0109086284965638
"CYCS",-0.306339517582498,6.84599520254799e-05,0.0109086284965638
"NOLC1",-0.280621440060608,7.20906556188621e-05,0.0109086284965638
"NDUFA4",-0.371050531619879,7.26080566411338e-05,0.0109086284965638
"CHCHD2",-0.315263429978824,7.3724078956788e-05,0.0109086284965638
"TPI1",-0.330809023513429,7.59641582203457e-05,0.0109086284965638
"COMMD4",-0.324192127671363,7.61338089563953e-05,0.0109086284965638
"NME1",-0.348213309952171,7.61474060290794e-05,0.0109086284965638
"LGALS1",-0.327363097440541,7.97255407342576e-05,0.0109600282885101
"COL4A6",-0.407394245484428,8.10794493569396e-05,0.0109600282885101
"SNRPD2",-0.354297823987783,8.30045262484024e-05,0.0109600282885101
"IQGAP3",-0.474280534445691,8.78564998954275e-05,0.0112225696553922
"ATP5MF",-0.392149190577873,8.91376118557023e-05,0.0112433394446372
"PSMB5",-0.295942608058967,8.96694554005218e-05,0.0112433394446372
"ACTB",-0.311638339745429,9.02920094620538e-05,0.0112523663986918
"KIF20A",-0.634365345797085,0.000101782403218426,0.011628713048213
"GANAB",-0.315203382204769,0.000107541310250372,0.011753632614423
"CD63",-0.269509719804553,0.000114944231813476,0.0121581659179005
"LAS1L",-0.289869089997754,0.000115336889795423,0.0121581659179005
"ATP5PD",-0.287109223685793,0.000117289653411183,0.0121581659179005
"G6PD",-0.35936260339209,0.000117786322132513,0.0121581659179005
"COX8A",-0.319225884289779,0.000120808918039861,0.0122232310242509
"ACTN4",-0.298012432852326,0.000124043578187773,0.0123780797488308
"KPNA2",-0.306672254599273,0.000125575663840046,0.0124588127066159
"PLK1",-0.621594799390212,0.000128284564930564,0.0125448800863678
"CD151",-0.281587498816257,0.000130624811048406,0.0125971873933971
"PSMC3",-0.288965616731319,0.000133353545241337,0.0125971873933971
"ROMO1",-0.401398546095421,0.000135031981948425,0.0126017518130681
"TUBG1",-0.341990741758034,0.000138224321636778,0.0127829352290157
"TPX2",-0.338089232090438,0.000149071384595933,0.0130929758224087
"KIFC1",-0.55851281258754,0.000150052254319183,0.0130929758224087
"NCAPD2",-0.389394783857373,0.000154213976030597,0.0131756145867682
"AP1S1",-0.368581651675482,0.000154719028320989,0.0131756145867682
"ELOVL1",-0.299058152096959,0.000160321109216554,0.0133740523680324
"PRPS1",-0.309778954393771,0.000164656910648163,0.0136245260721747
"S100A6",-0.246695227157029,0.00017591770684362,0.0142674844939282
"KIF18B",-0.510271095574636,0.000179411360311791,0.0144024790165572
"PRDX5",-0.271591087808345,0.000187761802896094,0.0147029721363616
"PROCR",-0.408825987410259,0.000192224523119343,0.014779859993131
"LMAN2",-0.280374756219739,0.00019502332355407,0.014779859993131
"GSTP1",-0.317923651994157,0.00019921344228701,0.014779859993131
"CALM3",-0.323681669091744,0.000202705608820559,0.0147807150436438
"PYCR1",-0.30833769776447,0.000204114372106673,0.0147807150436438
"AHCY",-0.256701594288453,0.000211920608429174,0.0149968270544724
"PHPT1",-0.310421054697743,0.000215129079160844,0.0149968270544724
"KIF22",-0.387093419335457,0.00021908523761553,0.0149968270544724
"MDH2",-0.280601543350478,0.000221336798883081,0.0149968270544724
"LAMTOR4",-0.357627970737995,0.000222392472486022,0.0149968270544724
"EBNA1BP2",-0.295060569431474,0.000223009591164456,0.0149968270544724
"ELOB",-0.265797851431762,0.000224593672978075,0.0149968270544724
"TIMM17B",-0.338959270079322,0.000230490867716862,0.0150986293410168
"TMEM9",-0.334606110281017,0.000233314836229049,0.0151279066454971
"CD81",-0.312319466005432,0.000244083207419317,0.0154621790788076
"SRGN",-0.337458671825444,0.000252161019419238,0.0156297508997577
"AURKA",-0.513403476904547,0.000252338572075056,0.0156297508997577
"NOC2L",-0.303834596267283,0.000253383623591563,0.0156297508997577
"GPI",-0.263916761570204,0.000256486819680111,0.0156297508997577
"FKBP10",-0.338799586893382,0.000260615215480715,0.0156297508997577
"SZRD1",-0.278958176107375,0.000262872750107928,0.0156297508997577
"MRPL27",-0.277662285618874,0.000265725781352671,0.0156297508997577
"MVK",-0.368847423703185,0.000272044672350525,0.0157207446878102
"MVD",-0.394956319263186,0.000272293943609199,0.0157207446878102
"ERG28",-0.349525096459174,0.000274037547863903,0.0157668803478799
"RPL26L1",-0.309765630625613,0.000278164775210514,0.015903555535527
"CAD",-0.261130057405657,0.000278572897627883,0.015903555535527
"FARSB",-0.292931278160216,0.000280780003162208,0.0159774867191861
"SLIRP",-0.373929191184096,0.000281431413000636,0.0159774867191861
"TMEM14B",-0.305958725148356,0.000288076533992451,0.0161022575363953
"ATP5MC3",-0.312667972985357,0.000296202184711398,0.0161699868881156
"S100A10",-0.310279250023377,0.000296689748656588,0.0161699868881156
"ANXA6",-0.323718805796546,0.000302712789517124,0.0163241266283667
"ALDOA",-0.256804413337881,0.000304847052830967,0.0163891205897895
"OGDH",-0.238663821689414,0.000314802298603152,0.0165396642129851
"UQCR10",-0.328516552238372,0.000326297158677714,0.0168405589117554
"FBLN1",-0.359176729940751,0.000328704323789446,0.0169220628957398
"CCDC167",-0.44174362567239,0.000334805507666662,0.0169795408577946
"ARL2",-0.358270057014868,0.000347212702024005,0.0171452202920146
"GPX3",-0.491442687882831,0.000350892494392198,0.0171979395692752
"CUEDC2",-0.30260700369081,0.000362928555154567,0.0174483487997699
"TP53",-0.289352780445603,0.000374381354215384,0.0176138001744737
"MFGE8",-0.267448355970035,0.000375683459992075,0.0176138001744737
"TMEM109",-0.267332614020666,0.000380013149417952,0.0176516107904639
"VARS1",-0.274858216277901,0.000384058398157121,0.0176834924916876
"S100A16",-0.282671643803528,0.000385133986404305,0.0176834924916876
"TIMP2",-0.337337717150609,0.000387621324800667,0.0176834924916876
"LRP1",-0.286093332589484,0.000389770164560816,0.0176977937440894
"MDH1",-0.323934794657104,0.000393493807240074,0.0176977937440894
"PFKP",-0.236547537613836,0.000398193333090773,0.0176977937440894
"UROD",-0.326503076126016,0.000398213351347697,0.0176977937440894
"RNASEH2A",-0.406096057093112,0.000405047929865327,0.0176977937440894
"HIGD1A",-0.319965052363123,0.00040884740998531,0.0177410262532479
"KIF23",-0.357018967004021,0.000411880473396675,0.0177572086785516
"GALNT2",-0.25370638569464,0.00041443333690523,0.0177572086785516
"CAV2",-0.297246230167699,0.000422332130079266,0.0179545627122775
"CCL26",-0.543731319463527,0.000425379837359913,0.0179545627122775
"TMED9",-0.265905151032917,0.000425748549296223,0.0179545627122775
"NSDHL",-0.293495986418816,0.000429102290084571,0.0179682506109528
"ANXA1",-0.242824517464333,0.000433041369925569,0.0179682506109528
"POLR2G",-0.256706659618974,0.000433271677673252,0.0179682506109528
"COA3",-0.303575491442738,0.000446292833752146,0.0180625823566869
"RUVBL2",-0.252363701360792,0.000449544366817659,0.0180625823566869
"PARK7",-0.287932817326075,0.000453555524965143,0.0180625823566869
"DHCR24",-0.38320589844481,0.000455039811569749,0.0180625823566869
"ANP32A",-0.296646148516337,0.000456193238537116,0.0180691422659333
"GHITM",-0.229099617618867,0.000464952874665245,0.0181561588486746
"TARS2",-0.343228177232802,0.000465086697064731,0.0181561588486746
"ESYT1",-0.270301675409149,0.000479433110885358,0.0183916368068885
"HYCC1",-0.29920363458337,0.0004843776503469,0.0184231640852419
"DYSF",-0.927296068433892,0.00048620278647885,0.0184231640852419
"PSME2",-0.265812639981036,0.000495702218828145,0.0184945518724906
"LRPAP1",-0.280554559246822,0.000496190866293365,0.0184945518724906
"PEF1",-0.272708761798148,0.000496383321284678,0.0184945518724906
"TTF2",-0.327547257769436,0.000499769023285937,0.0185041291628949
"CSRP1",-0.249285264804838,0.000507677971574975,0.0185177631408739
"ARL6IP5",-0.241460937338672,0.000508130298166326,0.0185177631408739
"PTTG1",-0.383368043341853,0.000509158926548709,0.0185177631408739
"PSMB7",-0.222344913264086,0.000538958929285515,0.018927984869426
"TK1",-0.613900007981084,0.000544670191173333,0.018996534756315
"GSS",-0.256718019533851,0.000560245400175614,0.0190520723607142
"MYH9",-0.226528570570892,0.000561728155470595,0.0190707641885515
"SIGMAR1",-0.2404842110782,0.000564660800177439,0.0190837668031786
"GPS1",-0.238423341202702,0.000566769040808936,0.0191148938218697
"KIF4A",-0.507504221261058,0.000571828076912262,0.0191411002770638
"PSENEN",-0.299394708082357,0.000575429520555943,0.0191411002770638
"LINP1",-0.391895814550874,0.000577103879699167,0.0191411002770638
"PNPO",-0.306148561265154,0.00057878461548221,0.0191411002770638
"DTYMK",-0.345129065391856,0.0005868293434091,0.0193133947191549
"EMC4",-0.22994329744175,0.000588003799436529,0.0193161427075264
"EEF1A1",-0.200840662187788,0.000592703629306242,0.019357483815724
"DLGAP5",-0.594915182007558,0.000594074435992034,0.0193647421416351
"ARHGEF39",-0.490263426324065,0.000595872172653271,0.0193659889834288
"ADH5",-0.253125598578227,0.000599679163318053,0.0193977642046503
"MSN",-0.214952469123757,0.000604192355288832,0.01942841043897
"CYSTM1",-0.246359209118216,0.000607968092343583,0.0195003442688332
"CCNB1",-0.467248476393623,0.000613379412056647,0.0195003442688332
"LY6E",-0.267640416185038,0.000615408653165544,0.0195003442688332
"ZWINT",-0.467744358231938,0.000616552383574848,0.0195063430580538
"ZWILCH",-0.304263912207256,0.000618048980610796,0.0195234699624783
"APEH",-0.332981617457595,0.000626029951579684,0.019682728219763
"TMSB10",-0.217665071641419,0.000629712981957653,0.0197011517566476
"EPHX1",-0.36291389094392,0.000639369754600215,0.0198158575135778
"ISOC2",-0.292194539241587,0.000646043569500827,0.0198845898001708
"TMEM139",-0.809415019528005,0.000650339127728709,0.0199344783206174
"PMM1",-0.356400510539458,0.000655103578957712,0.0199538106508759
"SCRN2",-0.303055128214937,0.000657361244090812,0.0199630744527905
"MYL6",-0.27257997553658,0.000660497130400074,0.0199805645810392
"BLVRB",-0.278985074893264,0.000662853037232348,0.0199805645810392
"SHCBP1",-0.453093001735648,0.000665181809059894,0.0199805645810392
"BTD",-0.393643303579677,0.000668690976290773,0.0199805645810392
"SPC25",-0.724430449324154,0.000670225800629938,0.0199971896544156
"FABP5",-0.294698329897504,0.00067955929792504,0.0201867636574516
"HSP90B1",-0.296759377131747,0.000681441500069236,0.0201867636574516
"ATP6AP1",-0.262758947661514,0.000689019012905666,0.0203009142211551
"DCTPP1",-0.416639293461271,0.000690908023566496,0.0203176664541756
"COPS6",-0.274715215620382,0.000698920084299718,0.0204722346322738
"DDC",-0.75068613379754,0.000704994461455865,0.0205864221886148
"ADGRG1",-0.235349183541758,0.000706359662472473,0.0205942635971646
"FANCD2",-0.449472320854478,0.000712664106987535,0.0206872426032478
"NUTF2",-0.269391112497939,0.000713303264136349,0.0206872426032478
"ADPRHL1",-0.487436208930655,0.000718782938498074,0.0207200080352943
"CIT",-0.578683029937411,0.000725657067953416,0.0208593237058114
"CETN2",-0.288505321397376,0.000727543269252935,0.0208841704171229
"RNF26",-0.367832955530286,0.000733855628157286,0.0209476834193835
"UBE2T",-0.587748997633577,0.000742149085446112,0.0209679421787215
"SELENOF",-0.244709102917308,0.000749635406385686,0.0209679421787215
"TIMELESS",-0.286335022637154,0.000752123014261177,0.0209679421787215
"HAX1",-0.226882915483622,0.000754896847679602,0.0209679421787215
"COMMD1",-0.374384249145289,0.000763819544725196,0.0210958700744508
"APLP2",-0.306313784256966,0.000766607499676643,0.0211442970018775
"CNDP2",-0.248238928118829,0.000795146465657765,0.0214967359171782
"SUMF2",-0.259586659208477,0.000798317964631485,0.0214967359171782
"BIRC5",-0.617042596890052,0.000801815888250745,0.0215341828174359
"SDHA",-0.234498037422073,0.000810925643141327,0.0216269557614614
"RPN2",-0.211694723051791,0.000812677464761832,0.0216269557614614
"SLC39A1",-0.236122999296237,0.000819326906313392,0.0217472770275755
"EIF5A",-0.225513290831445,0.000824651641567107,0.0217865109405001
"BANF1",-0.260493899525588,0.00082883650774851,0.0217865109405001
"MKI67",-0.551961811294214,0.000831763184527134,0.0217909665723855
"COX6B1",-0.21951271362658,0.00084057711263572,0.021836854165399
"FBL",-0.234301357208824,0.000845029193532889,0.0218546000060387
"TRAP1",-0.245108016485427,0.000850096972970385,0.0218582057792036
"PRC1",-0.318488422747143,0.000853096031857096,0.0218582057792036
"SLC50A1",-0.275287419039101,0.000856870971914111,0.0218582057792036
"CYB5R1",-0.321797210664562,0.000857376162704201,0.0218582057792036
"IFRD2",-0.250845447742327,0.00085879925827872,0.0218582057792036
"TOP2A",-0.568425558151206,0.000862091239016878,0.0218874791838844
"PRMT5",-0.230345386627924,0.000864177797035686,0.0219132330221034
"UQCRC1",-0.241820652291312,0.000868983396476977,0.0219465056349325
"ABCF2",-0.208671904129406,0.000892778387074594,0.0222993381126261
"FLNA",-0.201272886279456,0.000893588311686113,0.0222993381126261
"TACC3",-0.440394439139548,0.000895784068082477,0.0223268716871581
"PIGU",-0.385541802083332,0.000899193244464952,0.0223465425668522
"TMEM205",-0.316468353536347,0.000900224926171741,0.0223465425668522
"KIF2C",-0.499538360663176,0.000900946818430679,0.0223465425668522
"MRPS18B",-0.2944480838567,0.000902915371185723,0.0223505786703787
"PA2G4",-0.209804463975599,0.000907413719825549,0.0223711961469174
"BUB1B",-0.488736882564662,0.000910691066665299,0.022393996945367
"EMG1",-0.269111355870528,0.000912913383037446,0.0223987079502033
"MYBL2",-0.482116070563012,0.000919229834282482,0.0225136784869375
"BLVRA",-0.247860293357376,0.0009386076991401,0.0226037608772645
"HADHB",-0.221794517817408,0.000940328598460634,0.0226037608772645
"TFRC",-0.31965657333956,0.000940985464059971,0.0226037608772645
"DPYSL3",-0.255850805271142,0.000943740614641705,0.0226037608772645
"ANAPC11",-0.284977422107547,0.000951173505829325,0.0226623124735011
"PRKCSH",-0.220507935930696,0.000951378026336427,0.0226623124735011
"TMEM161A",-0.336320645836757,0.000954069663794142,0.0226999718144641
"YBX1",-0.230023129755181,0.000956907921416075,0.0227220083913684
"ECHS1",-0.236906573230164,0.00096438863586655,0.0228391366626194
"BCO1",-0.571292306026139,0.00097783080615652,0.0230726761327342
"DARS2",-0.290185785739185,0.000978765544920274,0.0230726761327342
"NUP85",-0.23555207298111,0.000979956167304136,0.0230741292020299
"DNPEP",-0.251043632876706,0.00098220208698014,0.0230973601846644
"HMGN2",-0.267094968239655,0.00098764909997456,0.0231425323472752
"CCNB2",-0.462032598562538,0.000991623636403347,0.0231425323472752
"OS9",-0.234638853122029,0.000993052200242703,0.0231425323472752
"OST4",-0.241090687767163,0.00100369692378167,0.0232957542281794
"ZDHHC12",-0.324639511290398,0.00100526082477738,0.0232957542281794
"MCM7",-0.307454135705341,0.00100811972053035,0.0232957542281794
"ERI3",-0.277512116586703,0.00101095351363532,0.0232957542281794
"LSS",-0.299973459973402,0.00101171796410218,0.0232957542281794
"CPNE1",-0.219518171734665,0.00102435247282809,0.0234247767916494
"CENPF",-0.36640961165868,0.00102965521282324,0.0235129533404261
"FTL",-0.219472515937199,0.00103469084702499,0.0236015753699739
"AURKB",-0.518566339271205,0.00104020641998876,0.0236482077994776
"NUF2",-0.488959267474267,0.00106398844240487,0.0238006073936274
"SNRPG",-0.317536844044823,0.00106437788226712,0.0238006073936274
"RHOC",-0.242634554622555,0.00106904609032057,0.0238788677529746
"APRT",-0.23077308138078,0.00107270854389258,0.0239080684839258
"RACGAP1",-0.298335092114254,0.00107386274920461,0.0239080684839258
"MEA1",-0.297263442630727,0.0010791798742011,0.0239433277809659
"PGAP2",-0.361275834596137,0.00108077060588569,0.0239433277809659
"RNF181",-0.241756569077159,0.0010855476789359,0.0239966133444752
"CYB561D2",-0.363972194417529,0.00109208863164636,0.0240721407690749
"SF3B5",-0.260160041215217,0.00109931162471881,0.0241451679385182
"FDPS",-0.444295401116051,0.00110105179169679,0.0241451679385182
"URM1",-0.255655919133221,0.00110947164363038,0.0241999802054618
"TUBB",-0.253733782113085,0.00112093461954089,0.0244092155616461
"UBL5",-0.266288490316402,0.00113890852148842,0.0247102042061362
"POR",-0.204561367394117,0.0011568292501326,0.0248257279239871
"ANXA2P2",-0.35018591315368,0.00116248107448016,0.0249043901469869
"NUDT1",-0.398845117216592,0.00117446961605729,0.0250300417236485
"SWI5",-0.322013193960125,0.00117898456995201,0.0251000902507075
"DHCR7",-0.338910633107307,0.00118066754469969,0.0251057426454796
"MRPL17",-0.236655097141821,0.00118485000117806,0.0251202949419889
"ACAA2",-0.232807058637043,0.00118798753149759,0.0251346678765506
"COG4",-0.233807696752603,0.00119336742684473,0.025196325898608
"UBE2C",-0.3825829640782,0.00120616114074625,0.0252577063468974
"ORMDL2",-0.323450810315225,0.00123561968981653,0.0255593950628023
"TFDP1",-0.331320436399801,0.00124477891332282,0.0255962759178133
"CDC20",-0.298231147548461,0.00124768250670793,0.0256282764543686
"NDUFB2",-0.286822148804337,0.00125178506335436,0.025644677952973
"CIB1",-0.221593128806414,0.00125224525868808,0.025644677952973
"MCM5",-0.578092122482865,0.00126028328597278,0.0257468181637342
"TPMT",-0.29286609331778,0.00129310693139106,0.0260807390250175
"MANBAL",-0.236159928980561,0.00130915658135732,0.0263166746118595
"PDZD11",-0.267476446827323,0.00133241858299092,0.026546623256239
"RHOA",-0.203312622491528,0.00133420564578888,0.026546623256239
"TXN2",-0.261522511077745,0.00133639348267753,0.026546623256239
"CCNF",-0.426387225254148,0.00134044990705737,0.026546623256239
"SLFN13",-0.443982641832457,0.00135874167618843,0.0266689128250712
"CALM2",-0.204818010530018,0.00135875926938935,0.0266689128250712
"TCTN3",-0.307205674156226,0.00136973956392433,0.0267417890420919
"CLN6",-0.252123189949169,0.00137289801636174,0.0267486078726418
"PTPRF",-0.203995592119499,0.00138115825717132,0.0268049564462078
"UCP2",-0.326888369504421,0.00139188234317763,0.0268049564462078
"CERCAM",-0.274797998994032,0.00139228687829941,0.0268049564462078
"PSMB2",-0.243312280601232,0.00139931098020292,0.0268049564462078
"SLC35A4",-0.224958109636442,0.00141323074881936,0.0268934916614247
"NDUFV1",-0.241646567387841,0.00141863693031686,0.0268961981278441
"ATP5F1A",-0.227070326527094,0.00142072953194814,0.0269109084095979
"ANK2",-0.618897612634109,0.00146983844970324,0.0272946630843917
"TUBA1A",-0.237837415387856,0.00147037009765707,0.0272946630843917
"AKR1A1",-0.212212813393989,0.00147400904501699,0.0273308054840934
"PHF19",-0.331995290787965,0.00147499160627043,0.0273308054840934
"MRPS10",-0.22884548259581,0.00147986728242119,0.0273963111577214
"FDFT1",-0.309274649619189,0.00149261196086121,0.0274337207670697
"CAPZB",-0.237408102898637,0.00149684102183544,0.0274337207670697
"SLC39A11",-0.275934520709419,0.00152983587847229,0.0277926983859704
"NAA38",-0.343041429842741,0.00155830611119082,0.028134858922719
"SLIT3",-0.420838639426948,0.00156172917300127,0.0281717747906443
"TMED2",-0.217515642588512,0.00156905891443145,0.0282180084533854
"ACO2",-0.252931090617173,0.00159020813846783,0.0283600994188529
"MRTO4",-0.21862131671768,0.00159409644389313,0.0283864667537962
"PPP1R7",-0.257665008892123,0.00159446442085126,0.0283864667537962
"MAPKAPK3",-0.258962656305874,0.00160411571394024,0.028518142945122
"IRAK1",-0.205857847797084,0.00161002531311509,0.0285504092550139
"FOXM1",-0.30863257036552,0.0016172226852466,0.0285655679231036
"EIF3I",-0.216869706738527,0.00162783092111347,0.0285655679231036
"ACTN1",-0.189767291179107,0.00162968256181323,0.0285655679231036
"CKAP2L",-0.54459504210299,0.0016367906417751,0.0286055471947346
"H2AZ1",-0.317126922880194,0.00165010085415189,0.0286288295901157
"EBP",-0.274754916430156,0.00168503998342524,0.028940207715332
"GPC1",-0.253362954877348,0.0016937638559433,0.0290168865781804
"RNH1",-0.192799077253378,0.00170231148068147,0.0290409381055373
"NCEH1",-0.236977873604573,0.00171199171897505,0.0291095563663994
"PIGT",-0.227555991753368,0.00172689530177625,0.0291458347112739
"CDK5",-0.356548990499098,0.00172695987060146,0.0291458347112739
"CDK2",-0.366024444420667,0.00173048071782321,0.0291811591673851
"PMPCA",-0.247013870531163,0.00175000767414201,0.0293892003649255
"FANCG",-0.331411634052988,0.00176308054978405,0.0295359346528577
"PSMA6",-0.257745574949175,0.00176820223128157,0.0295732546668844
"PCNP",-0.213118524510323,0.00177266921266277,0.0296046283863985
"PIGO",-0.231428871487837,0.00177632925055924,0.029612248958344
"HMMR",-0.486382926616644,0.00178267180197949,0.0296492787186324
"SHC1",-0.207231490207791,0.00179519410972893,0.0296846093969578
"NDUFS2",-0.248944184889639,0.00179868436094589,0.0296942738037255
"WDR54",-0.292439539935719,0.00180407265295923,0.0297310170244327
"RRP9",-0.261962751351958,0.00180451719236983,0.0297310170244327
"NT5DC2",-0.294697301037722,0.00181820410685029,0.0297760060383062
"COPS7A",-0.237300672596699,0.00182020313542859,0.0297848772473095
"TROAP",-0.368990368568264,0.00184738490633701,0.0300611884679266
"STYXL1",-0.300369641337853,0.00185743070705539,0.0300809578373994
"CTPS1",-0.228538695108811,0.00187208471781968,0.0301716650002011
"GTSE1",-0.417183780214421,0.00187317115100193,0.0301716650002011
"ALDH1B1",-0.334682525473495,0.00187354821143332,0.0301716650002011
"COX6A1",-0.214791835851391,0.00188034823964345,0.0301791562829131
"ARRB2",-0.22854323223794,0.00188590862192916,0.0302307454235201
"TIMP1",-0.209868420675363,0.00190057676667899,0.0304419968318066
"AP2B1",-0.189904891063362,0.00195583123049903,0.0309075601603379
"FARSA",-0.234862383396708,0.0019568638246148,0.0309075601603379
"CPS1",-0.537362201173996,0.00196014338264439,0.0309172198370173
"RTL10",-0.316302648183551,0.00197169835194936,0.0309959626422377
"GALE",-0.201702916588469,0.00201913018962431,0.0314091793096555
"IFI27L2",-0.349971032602176,0.00201935911600388,0.0314091793096555
"UPK1B",-0.460210828864196,0.00204173135222785,0.0315888761368909
"LIG1",-0.397252484033169,0.0020553743325754,0.0316450892250284
"SLC25A11",-0.286983182961708,0.00205939369298097,0.0316450892250284
"HSD17B10",-0.22262324111902,0.00206084811422413,0.0316450892250284
"MAGT1",-0.218915042220197,0.00208813980610878,0.0319680909043081
"MYLK",-0.35974257704673,0.00209461056434793,0.0320191852760979
"ACTR2",-0.217028325097188,0.00211290516121975,0.0322265340932904
"NCAPD3",-0.261570620993404,0.00211660591385794,0.0322589050465538
"MAD2L2",-0.284259379176103,0.0021304804295207,0.0324220096936292
"PCYT2",-0.328129848223607,0.00214609648275021,0.0325593153609732
"GLE1",-0.241897996809859,0.00215908873917548,0.0326101236377543
"CCND3",-0.291881573733616,0.002164539912684,0.0326101236377543
"TTLL12",-0.281214987715327,0.00219116035832633,0.0328080112845959
"HMGB1",-0.250799771309693,0.00219374505421571,0.0328226657526066
"FIBP",-0.24678162085314,0.0021993910771622,0.0328560732546247
"ATP6V0E2",-0.272571797894876,0.00220483509769517,0.0328682857233361
"GABRA5",-0.302614208184009,0.00221077905196809,0.0329088873008914
"STX8",-0.278679557456118,0.00221725178559965,0.0329483479416646
"PREPL",-0.216680620830754,0.00222355336285313,0.0329483479416646
"DDB1",-0.182091871704411,0.00222694127409262,0.0329536152568072
"TRAPPC1",-0.209423527649056,0.00223505344973801,0.0329819656359173
"CRYZ",-0.330225734016543,0.00225163211776887,0.0331070915273094
"DHRS4L2",-0.408518932413803,0.00226847550099332,0.0332189816470417
"HERC3",-0.279103106226754,0.00227098822189946,0.0332189816470417
"PCCB",-0.270895245740109,0.00227787749975219,0.0332542096227028
"UQCRQ",-0.282174531317323,0.00227907095422687,0.0332542096227028
"PRTFDC1",-0.385577581571887,0.00228668177257583,0.0332748185113765
"ABHD10",-0.314715795936538,0.00228746061299951,0.0332748185113765
"VPS45",-0.297672630658777,0.00231204315307921,0.0334972401874005
"PLAU",-0.26555410359589,0.00231690357174261,0.0335122966732311
"KRT87P",-0.362133332618348,0.00232512151534769,0.0335858115567587
"MFN2",-0.197022654896879,0.00232745247730826,0.0335858115567587
"S100A3",-0.29002914550922,0.00233717477388032,0.0336078913478951
"ETFB",-0.304248020284862,0.0023461181768126,0.0336078913478951
"CENPM",-0.491663253593556,0.00235431347495928,0.0336194396668863
"NAXE",-0.251813688083554,0.00236086141172038,0.033633117722278
"TMPO",-0.300838280943392,0.0023696843486288,0.0336564341329225
"GMNN",-0.328970800961345,0.00237962210448837,0.0337726751200353
"NIBAN1",-0.339967352243308,0.00238117354183241,0.0337726751200353
"AGR2",-0.221945520020209,0.00240507041267764,0.0339936577415668
"F5",-1.16962038492297,0.0024100700363247,0.0340172730679587
"BUB1",-0.294979396977632,0.00242872827668762,0.0341861904400424
"ORC1",-0.372226148228149,0.00243130339260406,0.0341988841968629
"SNAI3-AS1",-0.428258030057169,0.00243384669433282,0.0342111133003949
"RHNO1",-0.287656000542663,0.00244971125482315,0.0343169140215567
"PDXK",-0.246118095100139,0.00245357205427268,0.0343169140215567
"RFT1",-0.277325409549406,0.00245419154437005,0.0343169140215567
"SNRPB",-0.189187039006279,0.00247816860477871,0.0344594462008055
"ALG14",-0.400034847625709,0.00247939491169404,0.0344594462008055
"FAM86DP",-0.295172209107259,0.0025013869518597,0.0345895443316026
"ACTL6A",-0.216417310634672,0.00251072240983656,0.0346291423203418
"DBF4B",-0.25903745030881,0.00251250840457232,0.0346291423203418
"CAPN1",-0.186394059478229,0.00251272228501159,0.0346291423203418
"PDE1C",-0.332451840103493,0.00251645611697777,0.0346338923358866
"KRT81",-0.230569549018194,0.00252008620785285,0.0346372037095471
"ADAM9",-0.242194589946098,0.00257628671360357,0.0349861447525779
"TONSL",-0.395747436110143,0.00259177985566737,0.0351032449901456
"TRMT112",-0.211790631994656,0.0026010389035665,0.0352053199411206
"SMIM6",-0.516450485864904,0.00260447812395515,0.0352285399718037
"NUP188",-0.221296905605231,0.00260959839525887,0.0352744523824741
"NUCKS1",-0.312371743492772,0.00263330200865969,0.0354795361390377
"MAGOHB",-0.237191503167018,0.00264028195709974,0.0355446203455887
"RRM1",-0.334861070728285,0.00264590605781159,0.0355536015841902
"ACAT2",-0.449969551556426,0.00264948319426705,0.0355782769542903
"ACOT13",-0.281760580839538,0.00266506260264604,0.0357343160581538
"EMC3",-0.229903678045137,0.00267903836163827,0.035865296754093
"ITGA6",-0.207828450797785,0.00268596977171379,0.0358722215807778
"USB1",-0.26680508910803,0.00268745398126818,0.0358722215807778
"NCAPG",-0.327971573049182,0.00269547926368733,0.0359127804375761
"SNRPC",-0.201576693943885,0.00271482836460379,0.0360546828013573
"GINS1",-0.426674479271032,0.0027405020170035,0.036226788487339
"CYB5R3",-0.220833151232727,0.00274350449508035,0.036226788487339
"ERLIN1",-0.213795140501119,0.00276580008836466,0.0363988552517688
"ALDH3B1",-0.284981057755257,0.00281230661783572,0.0368921198044457
"CFL1",-0.173080995733689,0.00281539951588044,0.0369090027617475
"GET3",-0.220273553731662,0.00285385681321649,0.0370643604991673
"LAMTOR2",-0.233660142923698,0.00287358211091312,0.0371945985958469
"DNAJC22",-0.269879559572745,0.00287858154110158,0.0372121755452461
"ARAF",-0.221383598414586,0.00288989874552826,0.0373112764125752
"POLR2E",-0.227511426717045,0.00291290215918396,0.0374884539620748
"TAGLN2",-0.227384027303233,0.00293081680065066,0.0376452405795561
"SPAG7",-0.204109179975724,0.00293111393500191,0.0376452405795561
"DDB2",-0.255454060482143,0.00296843007150747,0.0378234250632604
"COL5A2",-0.279497539388453,0.00299875668213199,0.0381147941973965
"SRPRB",-0.182070675516332,0.00300503490871658,0.0381708536136416
"DYNLL1",-0.191261186192724,0.00301682363390099,0.0382255681523053
"SUPT16H",-0.179840666890266,0.00302248391064064,0.0382470928717719
"TBL3",-0.236587391465699,0.00304235407568901,0.0383588109802172
"NDUFAF1",-0.273812105268201,0.00307973084472958,0.0387106635944546
"DPM3",-0.332116384151769,0.00308280611371006,0.0387255017529233
"NCAPH",-0.419290092886782,0.00310025732035734,0.0388254038685438
"ERGIC1",-0.239024329486715,0.00310714148716871,0.038863988809519
"ALAS1",-0.191058123862322,0.00313429292148443,0.0390732048892942
"RFC2",-0.393339835800196,0.00314872142345961,0.0390732048892942
"COX4I1",-0.179334844945779,0.00315258437162234,0.0390831022051617
"MCAM",-0.31977673433739,0.003155275486903,0.0390831022051617
"PRR11",-0.357568633134365,0.00315681452302962,0.0390831022051617
"CD82",-0.353993151479877,0.00320019793327689,0.0393105062234051
"AAMP",-0.205851594254018,0.00320715855780685,0.0393105062234051
"DLD",-0.222992443035637,0.00321323243168017,0.0393105062234051
"ERH",-0.230384792996366,0.00321400606220325,0.0393105062234051
"CAPN2",-0.183809607228196,0.00324423733107418,0.0394911986733139
"ATP5F1E",-0.224115819915696,0.00324944010760898,0.0395309862614954
"SDC1",-0.247366259292521,0.00326685402461582,0.0396207494329958
"QSOX1",-0.222231157379819,0.00326845011958269,0.0396207494329958
"POLR2C",-0.179206305771993,0.00328992554564705,0.0398102417418202
"LINC02802",-0.552012811829213,0.00330604750713423,0.0399108085946895
"NQO2",-0.19898455559894,0.00331713065570873,0.0399312943659484
"CYB561A3",-0.237978602517892,0.00334739824200521,0.0401020663951363
"LPCAT4",-0.235429598278207,0.0033563479687305,0.0401251183570691
"MRPS11",-0.215589946125431,0.00335868901059466,0.0401251183570691
"FDXR",-0.209150041000303,0.00336985596658397,0.0401592514548357
"ADISSP",-0.250381942637062,0.00338941621013187,0.0403008407587882
"TXN",-0.255224951257673,0.00340960808334379,0.0404463010952996
"RPA2",-0.247697538977909,0.00341327265503574,0.0404463010952996
"EPB41L2",-0.196935959002549,0.00345920702183842,0.0406493009688358
"TP53I3",-0.215497802197252,0.00348744781432406,0.0408120982259913
"FKBP8",-0.190445466889159,0.00349697388042418,0.0408402715775482
"RFC3",-0.342789238331962,0.00353028128683452,0.0410887750229635
"PDIA6",-0.215354854510283,0.00354360318355929,0.0411734859952159
"DYNC2I2",-0.308748122236257,0.00356331134050309,0.0413005442513487
"DAD1",-0.172449028600119,0.00357157603737279,0.0413005442513487
"PRR13",-0.199558933391979,0.0035723734460592,0.0413005442513487
"ACO1",-0.22592768977291,0.00357793849821904,0.0413005442513487
"GGCT",-0.293771691672805,0.0035860418428602,0.0413005442513487
"E2F2",-0.662913233358724,0.00358747797001564,0.0413005442513487
"RPS3",-0.161572840310851,0.00359144606751201,0.0413005442513487
"ATRAID",-0.21396061276345,0.00359448566300383,0.0413005442513487
"ADI1",-0.177641528637174,0.00359499076849889,0.0413005442513487
"DEPDC1",-0.417825255288179,0.00359626813274277,0.0413005442513487
"BLM",-0.4104118092436,0.0036187122044486,0.0413915384129015
"FOXRED1",-0.231599122184188,0.00362132424573837,0.0413940855337812
"COX16",-0.245407898300918,0.00363458260005041,0.0414516079490717
"DDOST",-0.209973632370479,0.00363649736044063,0.0414516079490717
"RBM3",-0.180622354799406,0.00364342676277554,0.0414612228160392
"OLFML2A",-0.442783406653265,0.00364690810565891,0.0414777450547896
"PSMD10",-0.217699387286328,0.00365292954776167,0.0414935719524551
"RRM2",-0.703740204990032,0.00365431027584996,0.0414935719524551
"EFTUD2",-0.181556426614168,0.00365685843614874,0.0414985412093325
"TUBA1C",-0.194349293961576,0.00368761680720839,0.0417002578713471
"INTS13",-0.239016943607346,0.0037098578159538,0.0418675174171528
"PRPF19",-0.172895504650921,0.00372307192364678,0.0419471576491141
"TOMM40",-0.219052116169131,0.00374482704519783,0.0420960329715979
"CDC20P1",-0.564612442088051,0.00375142492854586,0.042127265214077
"NDC80",-0.403391737024347,0.00376554593216724,0.0421720224705351
"AMD1",-0.190866215429298,0.00376572761565352,0.0421720224705351
"MSMO1",-0.300381687486364,0.0037890525832356,0.0422711008166863
"TM4SF4",-0.402172504748614,0.00379296943152484,0.0422917126249343
"NOP10",-0.177713659755687,0.00380586716689761,0.0423661836367393
"BUD23",-0.190433293398122,0.00381033905682322,0.0423928740573506
"POLR2F",-0.2904067216077,0.00381503929869268,0.0424156602906169
"NARS1",-0.185005771574624,0.00383809658296345,0.0426089179590478
"CDC23",-0.202647193909438,0.0038669184432317,0.0428120485762325
"PSMD4",-0.193608000909381,0.00387074363218275,0.0428120485762325
"CDCP1",-0.27784031985865,0.00387105713714051,0.0428120485762325
"NPRL2",-0.292559637596373,0.00390421148441954,0.043079734203936
"PPT1",-0.21268128313175,0.00390449886572278,0.043079734203936
"PMS2P1",-0.301055932331256,0.00390790817174368,0.043079734203936
"TM9SF4",-0.209057879221417,0.00391313491479592,0.0430916973478287
"MT-TN",-0.562210562228121,0.00391878011022273,0.0431297942341045
"PKM",-0.188539436679994,0.00393752198269313,0.0433022684432956
"METTL13",-0.20334689894661,0.00397983127025803,0.0435212952060715
"GALNT13",-0.35543405953759,0.00398254596097306,0.0435268846793409
"POP5",-0.334101849246234,0.00402646099826274,0.0438426879410312
"PSMA5",-0.168154160121965,0.00406208636830766,0.0440115096066865
"SEC24C",-0.174468036933352,0.00406410272657656,0.0440115096066865
"MRPL51",-0.216485198158976,0.00406446769107512,0.0440115096066865
"HSD17B7",-0.258651441874222,0.0040783853573147,0.0440793442267572
"FANCI",-0.355190564118187,0.00410827094111664,0.0442889258443262
"SYNGR2",-0.201189425729413,0.00411420910743142,0.0443025320008869
"CENPK",-0.459060747363626,0.00412004890235045,0.0443187155085466
"FN3KRP",-0.313874606228441,0.00412973187439512,0.0443295483450039
"CHCHD10",-0.367976043669425,0.00414621487330745,0.0444364654329615
"ARHGAP19",-0.335210865789757,0.00415331362304751,0.0444871662371906
"MLEC",-0.227196977644293,0.0041692146464655,0.0445661134646767
"MMS22L",-0.36363450801888,0.00417398384439063,0.0445937698963177
"ABCB8",-0.197664742751213,0.0042093164858162,0.0448306463455506
"MRPL43",-0.252888852142488,0.00428023388513174,0.0453731432283831
"EXOSC5",-0.231245066838774,0.0042863167540812,0.0454140704094928
"PGAP3",-0.332931521197803,0.00431398232345506,0.0455419270282926
"POLR2J",-0.284391767869431,0.00432380266900341,0.0455984927497893
"MRPL42",-0.230938709589383,0.00433626684827404,0.045612260342267
"HYOU1",-0.289162931082949,0.00435946725312805,0.0458091474135892
"DCAKD",-0.267409709393329,0.00436868912453618,0.0458254268543168
"PIGS",-0.241278683105578,0.00437222733955954,0.0458254268543168
"SLC35B2",-0.207141019316509,0.00440146455963787,0.0459575933556073
"PAAF1",-0.268989639862948,0.00441798851077824,0.0460522883989894
"ERCC6L",-0.483463770191076,0.00442948595917329,0.0460751425145554
"SCP2",-0.236134716973144,0.00442986862907826,0.0460751425145554
"SHMT2",-0.228319105978073,0.00447426682896535,0.0464188149494385
"TIMM10",-0.212679073810968,0.00451227626189536,0.0466757004174247
"PPP1R14B",-0.186550907784576,0.00451334039117584,0.0466757004174247
"VPS35L",-0.188225340721555,0.00451830432965855,0.0466757004174247
"ITGB4",-0.229859595558146,0.00452238771523334,0.0466757004174247
"RPL18",-0.188153514812336,0.00453898854788964,0.0467409011858406
"MELK",-0.317171383609132,0.00456555145740373,0.0469133940102652
"RPS9",-0.191565542769636,0.00464166013201766,0.0473877404100421
"HLTF",-0.245682716068699,0.00464185616503103,0.0473877404100421
"SLC2A1",-0.163398253567823,0.0046797496218258,0.0476744733137521
"UQCC2",-0.277332784385042,0.00468386452075669,0.0476744733137521
"HMGB2",-0.282450794165998,0.00471129162562161,0.0478337696196992
"NUP210",-0.330760477617121,0.00472011795791447,0.0478465214233159
"BAAT",-0.584368430414852,0.00477083318838244,0.0481130938228072
"POLD1",-0.318057876754064,0.00480902701519263,0.048314979677301
"CCNA2",-0.492551269123962,0.00481276942728672,0.048314979677301
"MRPS23",-0.210814303740404,0.00481989324046047,0.048359832129863
"SMC1A",-0.243153469946056,0.00486672017650092,0.0487101013552036
"B9D1",-0.256555973741422,0.00488711693233191,0.0488112327964757
"ACAD9",-0.250147309969973,0.00492684441592916,0.0489522830203015
"LEPR",-0.323457030850509,0.00493415399360277,0.0490010881055654
"SND1",-0.184732908768656,0.00493838677134703,0.0490037319601766
"ACP2",-0.234779253052953,0.00494112302296619,0.0490037319601766
"PRKACA",-0.248553176400651,0.0049453300865414,0.0490168071332363
"CEP55",-0.378875788187452,0.00497422949816766,0.0491485596598397
"SLC25A23",-0.308316348269243,0.0049747284436104,0.0491485596598397
"PBK",-0.49891445709848,0.00498868951506171,0.0491485596598397
"EME1",-0.32368358738763,0.00501505670886474,0.0491930109753701
"PRXL2B",-0.308706326534552,0.00503993510746305,0.0493324682597365
"SCAMP3",-0.208813826118683,0.00504924106570763,0.0493662557708182
"PSG5",-0.915447753052799,0.00507547246901307,0.0494244938733889
"MPV17L2",-0.28582213246644,0.00508077412799638,0.0494244938733889
"TTK",-0.35062921657256,0.00510048117548145,0.049509402197479
"NEU1",-0.228693529958711,0.00514936844814593,0.049728583483363
"PDIA4",-0.242468920006768,0.00515027316606719,0.049728583483363
"PRKDC",-0.236781249090858,0.00515095673479668,0.049728583483363
"TCN2",-0.342912752248727,0.00516219788828392,0.0497665096418617
"DNASE2",-0.206492465757617,0.00517172867386204,0.0498254949463336
